-- phpMyAdmin SQL Dump
-- version 5.2.1
-- https://www.phpmyadmin.net/
--
-- Host: 127.0.0.1
-- Generation Time: 02 فبراير 2025 الساعة 11:21
-- إصدار الخادم: 10.4.32-MariaDB
-- PHP Version: 8.2.12

SET SQL_MODE = "NO_AUTO_VALUE_ON_ZERO";
START TRANSACTION;
SET time_zone = "+00:00";


/*!40101 SET @OLD_CHARACTER_SET_CLIENT=@@CHARACTER_SET_CLIENT */;
/*!40101 SET @OLD_CHARACTER_SET_RESULTS=@@CHARACTER_SET_RESULTS */;
/*!40101 SET @OLD_COLLATION_CONNECTION=@@COLLATION_CONNECTION */;
/*!40101 SET NAMES utf8mb4 */;

--
-- Database: `assistancedb`
--

-- --------------------------------------------------------

--
-- بنية الجدول `aids`
--

CREATE TABLE `aids` (
  `id` int(11) NOT NULL,
  `beneficiary_id` int(11) DEFAULT NULL,
  `aid_type` enum('مالية','غذائية','صحية','24 لحمة') NOT NULL,
  `aid_date` date NOT NULL,
  `notes` text DEFAULT NULL,
  `created_at` timestamp NOT NULL DEFAULT current_timestamp()
) ENGINE=InnoDB DEFAULT CHARSET=utf8mb4 COLLATE=utf8mb4_general_ci;

--
-- إرجاع أو استيراد بيانات الجدول `aids`
--

INSERT INTO `aids` (`id`, `beneficiary_id`, `aid_type`, `aid_date`, `notes`, `created_at`) VALUES
(223, 9, 'مالية', '2025-01-16', '100 شكيل ', '2025-01-16 06:37:40'),
(224, 9, 'غذائية', '2025-01-16', 'كويت', '2025-01-16 06:38:24'),
(225, 1003, 'غذائية', '2025-01-16', 'كويت', '2025-01-16 06:38:24'),
(226, 1004, 'غذائية', '2025-01-16', 'كويت', '2025-01-16 06:38:24'),
(227, 1005, 'غذائية', '2025-01-16', 'كويت', '2025-01-16 06:38:24'),
(228, 1006, 'غذائية', '2025-01-16', 'كويت', '2025-01-16 06:38:24'),
(229, 9, 'صحية', '2025-01-26', 'صغيرة ', '2025-02-02 09:50:38'),
(231, 17, 'صحية', '2025-01-26', 'صغيرة ', '2025-02-02 09:50:38'),
(233, 1003, 'صحية', '2025-01-26', 'صغيرة ', '2025-02-02 09:50:38'),
(234, 1004, 'صحية', '2025-01-26', 'صغيرة ', '2025-02-02 09:50:38'),
(235, 1005, 'صحية', '2025-01-26', 'صغيرة ', '2025-02-02 09:50:38'),
(236, 1006, 'صحية', '2025-01-26', 'صغيرة ', '2025-02-02 09:50:38'),
(237, 1008, 'صحية', '2025-01-26', 'صغيرة ', '2025-02-02 09:50:38'),
(238, 1009, 'صحية', '2025-01-26', 'صغيرة ', '2025-02-02 09:50:38'),
(239, 1010, 'صحية', '2025-01-26', 'صغيرة ', '2025-02-02 09:50:38'),
(240, 1011, 'صحية', '2025-01-26', 'صغيرة ', '2025-02-02 09:50:38'),
(241, 1012, 'صحية', '2025-01-26', 'صغيرة ', '2025-02-02 09:50:38'),
(242, 1013, 'صحية', '2025-01-26', 'صغيرة ', '2025-02-02 09:50:38'),
(243, 1014, 'صحية', '2025-01-26', 'صغيرة ', '2025-02-02 09:50:38'),
(244, 1015, 'صحية', '2025-01-26', 'صغيرة ', '2025-02-02 09:50:38'),
(245, 1016, 'صحية', '2025-01-26', 'صغيرة ', '2025-02-02 09:50:38'),
(246, 1017, 'صحية', '2025-01-26', 'صغيرة ', '2025-02-02 09:50:38'),
(247, 1018, 'صحية', '2025-01-26', 'صغيرة ', '2025-02-02 09:50:38'),
(248, 1019, 'صحية', '2025-01-26', 'صغيرة ', '2025-02-02 09:50:38'),
(249, 1020, 'صحية', '2025-01-26', 'صغيرة ', '2025-02-02 09:50:38'),
(250, 1021, 'صحية', '2025-01-26', 'صغيرة ', '2025-02-02 09:50:38'),
(251, 1022, 'صحية', '2025-01-26', 'صغيرة ', '2025-02-02 09:50:38'),
(252, 1023, 'صحية', '2025-01-26', 'صغيرة ', '2025-02-02 09:50:38'),
(253, 1024, 'صحية', '2025-01-26', 'صغيرة ', '2025-02-02 09:50:38'),
(254, 1025, 'صحية', '2025-01-26', 'صغيرة ', '2025-02-02 09:50:38'),
(255, 1026, 'صحية', '2025-01-26', 'صغيرة ', '2025-02-02 09:50:38'),
(256, 1027, 'صحية', '2025-01-26', 'صغيرة ', '2025-02-02 09:50:38'),
(257, 1028, 'صحية', '2025-01-26', 'صغيرة ', '2025-02-02 09:50:38'),
(258, 1029, 'صحية', '2025-01-26', 'صغيرة ', '2025-02-02 09:50:38'),
(259, 1030, 'صحية', '2025-01-26', 'صغيرة ', '2025-02-02 09:50:38'),
(260, 1031, 'صحية', '2025-01-26', 'صغيرة ', '2025-02-02 09:50:38'),
(261, 1032, 'صحية', '2025-01-26', 'صغيرة ', '2025-02-02 09:50:38'),
(262, 1033, 'صحية', '2025-01-26', 'صغيرة ', '2025-02-02 09:50:38'),
(263, 1034, 'صحية', '2025-01-26', 'صغيرة ', '2025-02-02 09:50:38'),
(264, 1035, 'صحية', '2025-01-26', 'صغيرة ', '2025-02-02 09:50:38'),
(265, 1036, 'صحية', '2025-01-26', 'صغيرة ', '2025-02-02 09:50:38'),
(266, 1037, 'صحية', '2025-01-26', 'صغيرة ', '2025-02-02 09:50:38'),
(267, 1038, 'صحية', '2025-01-26', 'صغيرة ', '2025-02-02 09:50:38'),
(268, 1039, 'صحية', '2025-01-26', 'صغيرة ', '2025-02-02 09:50:38'),
(269, 1040, 'صحية', '2025-01-26', 'صغيرة ', '2025-02-02 09:50:38'),
(270, 1041, 'صحية', '2025-01-26', 'صغيرة ', '2025-02-02 09:50:38'),
(271, 1042, 'صحية', '2025-01-26', 'صغيرة ', '2025-02-02 09:50:38'),
(272, 1043, 'صحية', '2025-01-26', 'صغيرة ', '2025-02-02 09:50:38'),
(273, 1044, 'صحية', '2025-01-26', 'صغيرة ', '2025-02-02 09:50:38'),
(274, 1045, 'صحية', '2025-01-26', 'صغيرة ', '2025-02-02 09:50:38'),
(275, 1046, 'صحية', '2025-01-26', 'صغيرة ', '2025-02-02 09:50:38'),
(276, 1047, 'صحية', '2025-01-26', 'صغيرة ', '2025-02-02 09:50:38'),
(277, 1048, 'صحية', '2025-01-26', 'صغيرة ', '2025-02-02 09:50:38'),
(278, 1049, 'صحية', '2025-01-26', 'صغيرة ', '2025-02-02 09:50:38'),
(279, 1050, 'صحية', '2025-01-26', 'صغيرة ', '2025-02-02 09:50:38'),
(280, 1051, 'صحية', '2025-01-26', 'صغيرة ', '2025-02-02 09:50:38'),
(281, 1052, 'صحية', '2025-01-26', 'صغيرة ', '2025-02-02 09:50:38'),
(282, 1053, 'صحية', '2025-01-26', 'صغيرة ', '2025-02-02 09:50:38'),
(283, 1054, 'صحية', '2025-01-26', 'صغيرة ', '2025-02-02 09:50:38'),
(284, 1055, 'صحية', '2025-01-26', 'صغيرة ', '2025-02-02 09:50:38'),
(285, 1056, 'صحية', '2025-01-26', 'صغيرة ', '2025-02-02 09:50:38'),
(286, 1057, 'صحية', '2025-01-26', 'صغيرة ', '2025-02-02 09:50:38'),
(287, 1058, 'صحية', '2025-01-26', 'صغيرة ', '2025-02-02 09:50:38'),
(288, 1059, 'صحية', '2025-01-26', 'صغيرة ', '2025-02-02 09:50:38'),
(289, 1060, 'صحية', '2025-01-26', 'صغيرة ', '2025-02-02 09:50:38'),
(290, 1061, 'صحية', '2025-01-26', 'صغيرة ', '2025-02-02 09:50:38'),
(291, 1062, 'صحية', '2025-01-26', 'صغيرة ', '2025-02-02 09:50:38'),
(292, 1063, 'صحية', '2025-01-26', 'صغيرة ', '2025-02-02 09:50:38'),
(293, 1064, 'صحية', '2025-01-26', 'صغيرة ', '2025-02-02 09:50:38'),
(294, 1065, 'صحية', '2025-01-26', 'صغيرة ', '2025-02-02 09:50:38'),
(295, 1066, 'صحية', '2025-01-26', 'صغيرة ', '2025-02-02 09:50:38'),
(296, 1067, 'صحية', '2025-01-26', 'صغيرة ', '2025-02-02 09:50:38'),
(297, 1068, 'صحية', '2025-01-26', 'صغيرة ', '2025-02-02 09:50:38'),
(298, 1069, 'صحية', '2025-01-26', 'صغيرة ', '2025-02-02 09:50:38'),
(299, 1070, 'صحية', '2025-01-26', 'صغيرة ', '2025-02-02 09:50:38'),
(300, 1071, 'صحية', '2025-01-26', 'صغيرة ', '2025-02-02 09:50:38'),
(301, 1072, 'صحية', '2025-01-26', 'صغيرة ', '2025-02-02 09:50:38'),
(302, 1073, 'صحية', '2025-01-26', 'صغيرة ', '2025-02-02 09:50:38'),
(303, 1074, 'صحية', '2025-01-26', 'صغيرة ', '2025-02-02 09:50:38'),
(304, 1075, 'صحية', '2025-01-26', 'صغيرة ', '2025-02-02 09:50:38'),
(305, 1076, 'صحية', '2025-01-26', 'صغيرة ', '2025-02-02 09:50:38'),
(306, 1077, 'صحية', '2025-01-26', 'صغيرة ', '2025-02-02 09:50:38'),
(307, 1078, 'صحية', '2025-01-26', 'صغيرة ', '2025-02-02 09:50:38'),
(308, 1079, 'صحية', '2025-01-26', 'صغيرة ', '2025-02-02 09:50:38'),
(309, 1080, 'صحية', '2025-01-26', 'صغيرة ', '2025-02-02 09:50:38'),
(310, 1081, 'صحية', '2025-01-26', 'صغيرة ', '2025-02-02 09:50:38'),
(311, 1082, 'صحية', '2025-01-26', 'صغيرة ', '2025-02-02 09:50:38'),
(312, 1083, 'صحية', '2025-01-26', 'صغيرة ', '2025-02-02 09:50:38'),
(313, 1084, 'صحية', '2025-01-26', 'صغيرة ', '2025-02-02 09:50:38'),
(314, 1085, 'صحية', '2025-01-26', 'صغيرة ', '2025-02-02 09:50:38'),
(315, 1086, 'صحية', '2025-01-26', 'صغيرة ', '2025-02-02 09:50:38'),
(316, 1087, 'صحية', '2025-01-26', 'صغيرة ', '2025-02-02 09:50:38'),
(317, 1088, 'صحية', '2025-01-26', 'صغيرة ', '2025-02-02 09:50:38'),
(318, 1089, 'صحية', '2025-01-26', 'صغيرة ', '2025-02-02 09:50:38'),
(319, 1090, 'صحية', '2025-01-26', 'صغيرة ', '2025-02-02 09:50:38'),
(320, 1091, 'صحية', '2025-01-26', 'صغيرة ', '2025-02-02 09:50:38'),
(321, 1092, 'صحية', '2025-01-26', 'صغيرة ', '2025-02-02 09:50:38'),
(322, 1093, 'صحية', '2025-01-26', 'صغيرة ', '2025-02-02 09:50:38'),
(323, 1094, 'صحية', '2025-01-26', 'صغيرة ', '2025-02-02 09:50:38'),
(324, 1095, 'صحية', '2025-01-26', 'صغيرة ', '2025-02-02 09:50:38'),
(325, 1096, 'صحية', '2025-01-26', 'صغيرة ', '2025-02-02 09:50:38'),
(326, 1097, 'صحية', '2025-01-26', 'صغيرة ', '2025-02-02 09:50:38'),
(327, 1098, 'صحية', '2025-01-26', 'صغيرة ', '2025-02-02 09:50:38'),
(328, 1099, 'صحية', '2025-01-26', 'صغيرة ', '2025-02-02 09:50:38'),
(329, 1100, 'صحية', '2025-01-26', 'صغيرة ', '2025-02-02 09:50:38'),
(330, 1101, 'صحية', '2025-01-26', 'صغيرة ', '2025-02-02 09:50:38'),
(331, 1102, 'صحية', '2025-01-26', 'صغيرة ', '2025-02-02 09:50:38'),
(332, 1103, 'صحية', '2025-01-26', 'صغيرة ', '2025-02-02 09:50:38'),
(333, 1104, 'صحية', '2025-01-26', 'صغيرة ', '2025-02-02 09:50:38'),
(334, 1105, 'صحية', '2025-01-26', 'صغيرة ', '2025-02-02 09:50:38'),
(335, 1106, 'صحية', '2025-01-26', 'صغيرة ', '2025-02-02 09:50:38'),
(336, 1107, 'صحية', '2025-01-26', 'صغيرة ', '2025-02-02 09:50:38'),
(337, 9, 'مالية', '2024-12-29', '100 شكيل ', '2025-02-02 09:52:40'),
(339, 1005, 'مالية', '2024-12-29', '100 شكيل ', '2025-02-02 09:52:40'),
(340, 1006, 'مالية', '2024-12-29', '100 شكيل ', '2025-02-02 09:52:40'),
(341, 1008, 'مالية', '2024-12-29', '100 شكيل ', '2025-02-02 09:52:40'),
(342, 1009, 'مالية', '2024-12-29', '100 شكيل ', '2025-02-02 09:52:40'),
(343, 1011, 'مالية', '2024-12-29', '100 شكيل ', '2025-02-02 09:52:40'),
(344, 1012, 'مالية', '2024-12-29', '100 شكيل ', '2025-02-02 09:52:40'),
(345, 1013, 'مالية', '2024-12-29', '100 شكيل ', '2025-02-02 09:52:40'),
(346, 1014, 'مالية', '2024-12-29', '100 شكيل ', '2025-02-02 09:52:40'),
(347, 1015, 'مالية', '2024-12-29', '100 شكيل ', '2025-02-02 09:52:40'),
(348, 1016, 'مالية', '2024-12-29', '100 شكيل ', '2025-02-02 09:52:40'),
(349, 1017, 'مالية', '2024-12-29', '100 شكيل ', '2025-02-02 09:52:40'),
(350, 1018, 'مالية', '2024-12-29', '100 شكيل ', '2025-02-02 09:52:40'),
(351, 1019, 'مالية', '2024-12-29', '100 شكيل ', '2025-02-02 09:52:40'),
(352, 1020, 'مالية', '2024-12-29', '100 شكيل ', '2025-02-02 09:52:40'),
(353, 1021, 'مالية', '2024-12-29', '100 شكيل ', '2025-02-02 09:52:40'),
(354, 1022, 'مالية', '2024-12-29', '100 شكيل ', '2025-02-02 09:52:40'),
(355, 1023, 'مالية', '2024-12-29', '100 شكيل ', '2025-02-02 09:52:40'),
(356, 1024, 'مالية', '2024-12-29', '100 شكيل ', '2025-02-02 09:52:40'),
(357, 1025, 'مالية', '2024-12-29', '100 شكيل ', '2025-02-02 09:52:40'),
(358, 1026, 'مالية', '2024-12-29', '100 شكيل ', '2025-02-02 09:52:40'),
(359, 1027, 'مالية', '2024-12-29', '100 شكيل ', '2025-02-02 09:52:40'),
(360, 1028, 'مالية', '2024-12-29', '100 شكيل ', '2025-02-02 09:52:40'),
(361, 1029, 'مالية', '2024-12-29', '100 شكيل ', '2025-02-02 09:52:40'),
(362, 1030, 'مالية', '2024-12-29', '100 شكيل ', '2025-02-02 09:52:40'),
(363, 1031, 'مالية', '2024-12-29', '100 شكيل ', '2025-02-02 09:52:40'),
(364, 1032, 'مالية', '2024-12-29', '100 شكيل ', '2025-02-02 09:52:40'),
(365, 1033, 'مالية', '2024-12-29', '100 شكيل ', '2025-02-02 09:52:40'),
(366, 1034, 'مالية', '2024-12-29', '100 شكيل ', '2025-02-02 09:52:40'),
(367, 1035, 'مالية', '2024-12-29', '100 شكيل ', '2025-02-02 09:52:40'),
(368, 1036, 'مالية', '2024-12-29', '100 شكيل ', '2025-02-02 09:52:40'),
(369, 1037, 'مالية', '2024-12-29', '100 شكيل ', '2025-02-02 09:52:40'),
(370, 1038, 'مالية', '2024-12-29', '100 شكيل ', '2025-02-02 09:52:40'),
(371, 1039, 'مالية', '2024-12-29', '100 شكيل ', '2025-02-02 09:52:40'),
(372, 1040, 'مالية', '2024-12-29', '100 شكيل ', '2025-02-02 09:52:40'),
(373, 1042, 'مالية', '2024-12-29', '100 شكيل ', '2025-02-02 09:52:40'),
(374, 1043, 'مالية', '2024-12-29', '100 شكيل ', '2025-02-02 09:52:40'),
(375, 1044, 'مالية', '2024-12-29', '100 شكيل ', '2025-02-02 09:52:40'),
(376, 1045, 'مالية', '2024-12-29', '100 شكيل ', '2025-02-02 09:52:40'),
(377, 1046, 'مالية', '2024-12-29', '100 شكيل ', '2025-02-02 09:52:40'),
(378, 1047, 'مالية', '2024-12-29', '100 شكيل ', '2025-02-02 09:52:40'),
(379, 1048, 'مالية', '2024-12-29', '100 شكيل ', '2025-02-02 09:52:40'),
(380, 1049, 'مالية', '2024-12-29', '100 شكيل ', '2025-02-02 09:52:40'),
(381, 1050, 'مالية', '2024-12-29', '100 شكيل ', '2025-02-02 09:52:40'),
(382, 1051, 'مالية', '2024-12-29', '100 شكيل ', '2025-02-02 09:52:40'),
(383, 1052, 'مالية', '2024-12-29', '100 شكيل ', '2025-02-02 09:52:40'),
(384, 1053, 'مالية', '2024-12-29', '100 شكيل ', '2025-02-02 09:52:40'),
(385, 1054, 'مالية', '2024-12-29', '100 شكيل ', '2025-02-02 09:52:40'),
(386, 1055, 'مالية', '2024-12-29', '100 شكيل ', '2025-02-02 09:52:40'),
(387, 1056, 'مالية', '2024-12-29', '100 شكيل ', '2025-02-02 09:52:40'),
(388, 1057, 'مالية', '2024-12-29', '100 شكيل ', '2025-02-02 09:52:40'),
(389, 1058, 'مالية', '2024-12-29', '100 شكيل ', '2025-02-02 09:52:40'),
(390, 1059, 'مالية', '2024-12-29', '100 شكيل ', '2025-02-02 09:52:40'),
(391, 1060, 'مالية', '2024-12-29', '100 شكيل ', '2025-02-02 09:52:40'),
(392, 1061, 'مالية', '2024-12-29', '100 شكيل ', '2025-02-02 09:52:40'),
(393, 1062, 'مالية', '2024-12-29', '100 شكيل ', '2025-02-02 09:52:40'),
(394, 1063, 'مالية', '2024-12-29', '100 شكيل ', '2025-02-02 09:52:40'),
(395, 1064, 'مالية', '2024-12-29', '100 شكيل ', '2025-02-02 09:52:40'),
(396, 1065, 'مالية', '2024-12-29', '100 شكيل ', '2025-02-02 09:52:40'),
(397, 1066, 'مالية', '2024-12-29', '100 شكيل ', '2025-02-02 09:52:40'),
(398, 1067, 'مالية', '2024-12-29', '100 شكيل ', '2025-02-02 09:52:40'),
(399, 1068, 'مالية', '2024-12-29', '100 شكيل ', '2025-02-02 09:52:40'),
(400, 1069, 'مالية', '2024-12-29', '100 شكيل ', '2025-02-02 09:52:40'),
(401, 1070, 'مالية', '2024-12-29', '100 شكيل ', '2025-02-02 09:52:40'),
(402, 1071, 'مالية', '2024-12-29', '100 شكيل ', '2025-02-02 09:52:40'),
(403, 1072, 'مالية', '2024-12-29', '100 شكيل ', '2025-02-02 09:52:40'),
(404, 1073, 'مالية', '2024-12-29', '100 شكيل ', '2025-02-02 09:52:40'),
(405, 1074, 'مالية', '2024-12-29', '100 شكيل ', '2025-02-02 09:52:40'),
(406, 1075, 'مالية', '2024-12-29', '100 شكيل ', '2025-02-02 09:52:40'),
(407, 1076, 'مالية', '2024-12-29', '100 شكيل ', '2025-02-02 09:52:40'),
(408, 1077, 'مالية', '2024-12-29', '100 شكيل ', '2025-02-02 09:52:40'),
(409, 1078, 'مالية', '2024-12-29', '100 شكيل ', '2025-02-02 09:52:40'),
(410, 1079, 'مالية', '2024-12-29', '100 شكيل ', '2025-02-02 09:52:40'),
(411, 1080, 'مالية', '2024-12-29', '100 شكيل ', '2025-02-02 09:52:40'),
(412, 1081, 'مالية', '2024-12-29', '100 شكيل ', '2025-02-02 09:52:40'),
(413, 1082, 'مالية', '2024-12-29', '100 شكيل ', '2025-02-02 09:52:40'),
(414, 1083, 'مالية', '2024-12-29', '100 شكيل ', '2025-02-02 09:52:40'),
(415, 1084, 'مالية', '2024-12-29', '100 شكيل ', '2025-02-02 09:52:40'),
(416, 1085, 'مالية', '2024-12-29', '100 شكيل ', '2025-02-02 09:52:40'),
(417, 1086, 'مالية', '2024-12-29', '100 شكيل ', '2025-02-02 09:52:40'),
(418, 1087, 'مالية', '2024-12-29', '100 شكيل ', '2025-02-02 09:52:40'),
(419, 1088, 'مالية', '2024-12-29', '100 شكيل ', '2025-02-02 09:52:40'),
(420, 1089, 'مالية', '2024-12-29', '100 شكيل ', '2025-02-02 09:52:40'),
(421, 1090, 'مالية', '2024-12-29', '100 شكيل ', '2025-02-02 09:52:40'),
(422, 1091, 'مالية', '2024-12-29', '100 شكيل ', '2025-02-02 09:52:40'),
(423, 1092, 'مالية', '2024-12-29', '100 شكيل ', '2025-02-02 09:52:40'),
(424, 1093, 'مالية', '2024-12-29', '100 شكيل ', '2025-02-02 09:52:40'),
(425, 1094, 'مالية', '2024-12-29', '100 شكيل ', '2025-02-02 09:52:40'),
(426, 1095, 'مالية', '2024-12-29', '100 شكيل ', '2025-02-02 09:52:40'),
(427, 1096, 'مالية', '2024-12-29', '100 شكيل ', '2025-02-02 09:52:40'),
(428, 1097, 'مالية', '2024-12-29', '100 شكيل ', '2025-02-02 09:52:40'),
(429, 1098, 'مالية', '2024-12-29', '100 شكيل ', '2025-02-02 09:52:40'),
(430, 1099, 'مالية', '2024-12-29', '100 شكيل ', '2025-02-02 09:52:40'),
(431, 1100, 'مالية', '2024-12-29', '100 شكيل ', '2025-02-02 09:52:40'),
(432, 1101, 'مالية', '2024-12-29', '100 شكيل ', '2025-02-02 09:52:40'),
(433, 1102, 'مالية', '2024-12-29', '100 شكيل ', '2025-02-02 09:52:40'),
(434, 1103, 'مالية', '2024-12-29', '100 شكيل ', '2025-02-02 09:52:40'),
(435, 1104, 'مالية', '2024-12-29', '100 شكيل ', '2025-02-02 09:52:40'),
(436, 1105, 'مالية', '2024-12-29', '100 شكيل ', '2025-02-02 09:52:40'),
(437, 1106, 'مالية', '2024-12-29', '100 شكيل ', '2025-02-02 09:52:40'),
(438, 1107, 'مالية', '2024-12-29', '100 شكيل ', '2025-02-02 09:52:40');

-- --------------------------------------------------------

--
-- بنية الجدول `beneficiaries`
--

CREATE TABLE `beneficiaries` (
  `id` int(11) NOT NULL,
  `full_name` varchar(255) NOT NULL,
  `id_number` varchar(50) NOT NULL,
  `spouse_name` varchar(255) DEFAULT NULL,
  `spouse_id` varchar(50) DEFAULT NULL,
  `family_count` int(11) NOT NULL,
  `residence` varchar(255) DEFAULT NULL,
  `tent_number` varchar(50) DEFAULT NULL,
  `housing_type` enum('مقيم','نازح') NOT NULL,
  `damage_type` enum('كلي','جزئي','جزئي بليغ') NOT NULL,
  `primary_phone` varchar(50) DEFAULT NULL,
  `secondary_phone` varchar(50) DEFAULT NULL,
  `children_count` int(11) DEFAULT 0,
  `created_at` timestamp NOT NULL DEFAULT current_timestamp()
) ENGINE=InnoDB DEFAULT CHARSET=utf8mb4 COLLATE=utf8mb4_general_ci;

--
-- إرجاع أو استيراد بيانات الجدول `beneficiaries`
--

INSERT INTO `beneficiaries` (`id`, `full_name`, `id_number`, `spouse_name`, `spouse_id`, `family_count`, `residence`, `tent_number`, `housing_type`, `damage_type`, `primary_phone`, `secondary_phone`, `children_count`, `created_at`) VALUES
(9, 'اكرم محمد الربعي ', '330000', 'لينا محمد ', '90225582', 2, 'غزة', '10', 'مقيم', 'جزئي', '05999', '05555', 55, '2025-01-03 11:34:16'),
(17, 'حسن حسيين ', '9555555552', 'الشنار', '', 6, 'الشيخ رضوان ', NULL, 'مقيم', 'كلي', '0599885566', '', 4, '2025-01-03 18:13:50'),
(1003, 'معتصم محمدجواد عبداللطيف الربعي', '900224809', '', '', 1, 'الشيخ رضوان', '50', 'مقيم', 'كلي', '0592463779', '0567330098', 0, '2025-01-07 12:51:34'),
(1004, 'عزيز احمد حسن حسين', '999599555', 'رنا', '999599555', 10, 'غزة', '20', 'نازح', 'كلي', '0599999999', '0599999999', 5, '2025-01-14 09:31:35'),
(1005, 'مننتصر', '40404040', 'رنا', '42404424', 5, 'غزة', '20', 'مقيم', 'كلي', '0599999999', '0599999999', 2, '2025-01-15 17:30:51'),
(1006, 'اكرم محمد الربعي', '1597547845', 'لينا', '5555555', 2, 'النصر', '55', 'مقيم', 'كلي', '1555', '55555', 5, '2025-01-15 17:39:18'),
(1008, 'محمود حسن الخطيب البلخي', '272897908', 'رامي الزيني', '215436204', 6, 'غزة', '583', 'نازح', 'كلي', '0591584041', '0568711170', 2, '2025-02-02 09:44:23'),
(1009, 'عمر محمود الشامي العطار', '925801120', 'حسن الشامي', '041528714', 5, 'النصيرات', '209', 'نازح', 'جزئي بليغ', '0599550626', '0569905980', 0, '2025-02-02 09:44:23'),
(1010, 'أحمد رامي النجار البلخي', '799776265', 'محمود العلي', '661828409', 10, 'النصيرات', '401', 'نازح', 'جزئي بليغ', '0595843729', '0569516228', 7, '2025-02-02 09:44:23'),
(1011, 'حسن أحمد الدين العطار', '938079493', 'محمد النجار', '751628752', 4, 'الضفة الغربية', '158', 'نازح', 'جزئي', '0599671533', '0569771786', 0, '2025-02-02 09:44:23'),
(1012, 'رامي أحمد المصري الشامي', '901586836', 'أحمد النجار', '158523111', 9, 'دير البلح', '881', 'مقيم', 'كلي', '0592965031', '0563741293', 0, '2025-02-02 09:44:23'),
(1013, 'علي يوسف الزيني الخطيب', '512017582', 'أحمد الزيني', '608277399', 10, 'خان يونس', '563', 'مقيم', 'كلي', '0598524970', '0565492953', 4, '2025-02-02 09:44:23'),
(1014, 'محمود محمود النجار الدين', '052155882', 'رامي الزيني', '559957102', 8, 'دير البلح', '788', 'نازح', 'جزئي بليغ', '0594967809', '0561823637', 5, '2025-02-02 09:44:23'),
(1015, 'عبدالله رامي النجار الخطيب', '469180345', 'عمر الدين', '400350792', 4, 'الضفة الغربية', '220', 'مقيم', 'كلي', '0591044582', '0564436939', 3, '2025-02-02 09:44:23'),
(1016, 'عمر محمد البلخي المصري', '966821170', 'يوسف الصالح', '067362183', 8, 'دير البلح', '817', 'نازح', 'كلي', '0595865709', '0562085142', 1, '2025-02-02 09:44:23'),
(1017, 'محمود عبدالله المصري الخطيب', '054004670', 'محمود العلي', '515062724', 4, 'دير البلح', '698', 'مقيم', 'جزئي بليغ', '0599134834', '0569600220', 0, '2025-02-02 09:44:23'),
(1018, 'يوسف أحمد الصالح العلي', '486403741', 'سعيد الدين', '326760674', 2, 'النصيرات', '864', 'مقيم', 'جزئي بليغ', '0596172836', '0563758223', 1, '2025-02-02 09:44:23'),
(1019, 'عمر رامي الشامي العطار', '965924710', 'محمود الصالح', '415008654', 4, 'غزة', '241', 'نازح', 'جزئي', '0592215767', '0567795740', 2, '2025-02-02 09:44:23'),
(1020, 'علي عبدالله العطار الصالح', '092506931', 'يوسف البلخي', '759592723', 10, 'رفح', '385', 'نازح', 'جزئي بليغ', '0592470120', '0566235881', 4, '2025-02-02 09:44:23'),
(1021, 'أحمد علي المصري الصالح', '235464546', 'حسن الدين', '135419255', 7, 'خان يونس', '543', 'نازح', 'جزئي بليغ', '0595359022', '0562134687', 2, '2025-02-02 09:44:23'),
(1022, 'علي عمر الزيني الدين', '007157554', 'أحمد البلخي', '102680916', 7, 'دير البلح', '176', 'نازح', 'جزئي', '0597469983', '0565410834', 0, '2025-02-02 09:44:23'),
(1023, 'سعيد علي الصالح النجار', '275197480', 'عمر الدين', '721687879', 8, 'النصيرات', '389', 'نازح', 'كلي', '0599963652', '0561908707', 5, '2025-02-02 09:44:23'),
(1024, 'محمد يوسف العلي الشامي', '640968934', 'عمر الخطيب', '925313053', 5, 'دير البلح', '172', 'نازح', 'كلي', '0591653013', '0561942141', 2, '2025-02-02 09:44:23'),
(1025, 'محمود عمر الدين الدين', '854815582', 'محمد البلخي', '344066126', 7, 'غزة', '982', 'مقيم', 'كلي', '0591647225', '0561856573', 5, '2025-02-02 09:44:23'),
(1026, 'حسن يوسف العلي الزيني', '837003685', 'سعيد الدين', '235619997', 6, 'الضفة الغربية', '585', 'نازح', 'جزئي', '0593221524', '0562758187', 4, '2025-02-02 09:44:23'),
(1027, 'محمد عبدالله المصري العلي', '731832452', 'أحمد النجار', '458584892', 6, 'رفح', '705', 'نازح', 'جزئي بليغ', '0598452545', '0563322594', 1, '2025-02-02 09:44:23'),
(1028, 'سعيد عبدالله الدين النجار', '660436343', 'محمود الدين', '240465437', 9, 'النصيرات', '343', 'مقيم', 'جزئي بليغ', '0595836913', '0562290971', 3, '2025-02-02 09:44:23'),
(1029, 'سعيد حسن الشامي العطار', '521879342', 'علي العطار', '727149225', 5, 'خان يونس', '203', 'مقيم', 'كلي', '0595525700', '0562397238', 0, '2025-02-02 09:44:23'),
(1030, 'رامي رامي العلي المصري', '425849167', 'محمود الخطيب', '263037086', 10, 'رفح', '477', 'مقيم', 'جزئي', '0595888424', '0563886594', 1, '2025-02-02 09:44:23'),
(1031, 'سعيد حسن الزيني الزيني', '379998670', 'حسن البلخي', '218208328', 7, 'خان يونس', '211', 'مقيم', 'كلي', '0596633823', '0567767923', 0, '2025-02-02 09:44:23'),
(1032, 'رامي رامي النجار العلي', '057853987', 'علي المصري', '005009587', 9, 'دير البلح', '196', 'نازح', 'كلي', '0594939357', '0569594927', 4, '2025-02-02 09:44:23'),
(1033, 'رامي محمود الدين الزيني', '413006653', 'عمر الصالح', '825801852', 10, 'خان يونس', '685', 'نازح', 'جزئي بليغ', '0594225377', '0563588820', 2, '2025-02-02 09:44:23'),
(1034, 'يوسف محمد المصري المصري', '078788473', 'عمر الخطيب', '587409296', 4, 'النصيرات', '351', 'مقيم', 'كلي', '0598314410', '0568032511', 2, '2025-02-02 09:44:23'),
(1035, 'علي سعيد الشامي النجار', '136514826', 'محمود الدين', '441640556', 2, 'النصيرات', '414', 'نازح', 'كلي', '0591903413', '0564170236', 1, '2025-02-02 09:44:23'),
(1036, 'حسن سعيد الشامي النجار', '971821723', 'رامي البلخي', '954079999', 6, 'خان يونس', '495', 'نازح', 'كلي', '0599672205', '0567254374', 4, '2025-02-02 09:44:23'),
(1037, 'رامي سعيد الشامي الزيني', '802485602', 'عمر العلي', '149331704', 8, 'دير البلح', '767', 'مقيم', 'جزئي', '0596065609', '0565655727', 5, '2025-02-02 09:44:23'),
(1038, 'رامي عمر النجار البلخي', '283909026', 'علي الصالح', '680620259', 9, 'النصيرات', '123', 'نازح', 'كلي', '0599591717', '0561161266', 3, '2025-02-02 09:44:23'),
(1039, 'يوسف حسن الزيني البلخي', '881558179', 'حسن النجار', '307872059', 6, 'دير البلح', '852', 'مقيم', 'جزئي', '0598198978', '0566076595', 4, '2025-02-02 09:44:23'),
(1040, 'عمر سعيد الدين الصالح', '815035920', 'يوسف الدين', '670147044', 6, 'دير البلح', '500', 'مقيم', 'كلي', '0598136903', '0566705988', 2, '2025-02-02 09:44:23'),
(1041, 'محمد يوسف الخطيب الخطيب', '468646314', 'أحمد العلي', '449717683', 7, 'خان يونس', '814', 'نازح', 'جزئي', '0599621675', '0562594838', 3, '2025-02-02 09:44:23'),
(1042, 'عمر أحمد العلي العلي', '900603475', 'علي الزيني', '362030123', 2, 'رفح', '755', 'مقيم', 'كلي', '0593087537', '0566561254', 1, '2025-02-02 09:44:23'),
(1043, 'أحمد عمر المصري الدين', '705229806', 'محمود الدين', '635821391', 8, 'النصيرات', '664', 'مقيم', 'جزئي بليغ', '0595261123', '0569121741', 2, '2025-02-02 09:44:23'),
(1044, 'رامي محمد العطار الشامي', '788166921', 'يوسف الصالح', '013997694', 9, 'النصيرات', '406', 'نازح', 'كلي', '0592746109', '0563069268', 4, '2025-02-02 09:44:23'),
(1045, 'عمر عمر الخطيب الصالح', '653101965', 'محمد النجار', '800867828', 4, 'غزة', '781', 'مقيم', 'جزئي', '0593667455', '0563891103', 2, '2025-02-02 09:44:23'),
(1046, 'يوسف يوسف الخطيب المصري', '657570217', 'حسن الصالح', '589553702', 8, 'الضفة الغربية', '995', 'نازح', 'جزئي بليغ', '0591352396', '0567252448', 3, '2025-02-02 09:44:23'),
(1047, 'محمود رامي الدين المصري', '109840998', 'حسن العلي', '168214796', 9, 'الضفة الغربية', '112', 'نازح', 'كلي', '0593214466', '0566194956', 0, '2025-02-02 09:44:23'),
(1048, 'حسن يوسف البلخي المصري', '086303503', 'يوسف البلخي', '649515683', 4, 'دير البلح', '439', 'مقيم', 'جزئي بليغ', '0597762022', '0563694578', 0, '2025-02-02 09:44:23'),
(1049, 'يوسف عمر البلخي المصري', '110331266', 'يوسف الشامي', '808373859', 4, 'النصيرات', '937', 'مقيم', 'جزئي', '0598628924', '0568158433', 2, '2025-02-02 09:44:23'),
(1050, 'أحمد يوسف الخطيب النجار', '559312114', 'حسن الشامي', '970975387', 10, 'النصيرات', '437', 'مقيم', 'جزئي بليغ', '0598746879', '0564330291', 8, '2025-02-02 09:44:23'),
(1051, 'عمر محمود العطار الزيني', '232204298', 'أحمد المصري', '024550512', 6, 'خان يونس', '788', 'نازح', 'جزئي', '0595018388', '0567887992', 1, '2025-02-02 09:44:23'),
(1052, 'أحمد محمود العطار العلي', '989891018', 'أحمد الشامي', '523022111', 2, 'رفح', '366', 'نازح', 'جزئي', '0592506820', '0562195912', 0, '2025-02-02 09:44:23'),
(1053, 'حسن محمد الدين الصالح', '267328583', 'رامي الصالح', '428547421', 6, 'الضفة الغربية', '864', 'نازح', 'جزئي', '0597314454', '0569284899', 0, '2025-02-02 09:44:23'),
(1054, 'يوسف عبدالله الخطيب العطار', '335558933', 'عبدالله الصالح', '286214815', 7, 'النصيرات', '540', 'مقيم', 'جزئي بليغ', '0595059341', '0561260160', 2, '2025-02-02 09:44:23'),
(1055, 'علي عبدالله الزيني الدين', '116290131', 'عمر البلخي', '832396509', 9, 'رفح', '265', 'مقيم', 'جزئي بليغ', '0594024528', '0567300629', 1, '2025-02-02 09:44:23'),
(1056, 'علي محمد العطار العلي', '201930253', 'عمر الشامي', '530640685', 8, 'غزة', '620', 'مقيم', 'كلي', '0599793858', '0561808445', 2, '2025-02-02 09:44:23'),
(1057, 'يوسف محمود النجار الزيني', '822726743', 'رامي الدين', '861310145', 10, 'رفح', '586', 'مقيم', 'جزئي بليغ', '0599147316', '0565375382', 1, '2025-02-02 09:44:23'),
(1058, 'سعيد سعيد العلي النجار', '037044642', 'حسن الزيني', '141633371', 6, 'النصيرات', '755', 'مقيم', 'كلي', '0599887453', '0569883146', 3, '2025-02-02 09:44:23'),
(1059, 'محمد رامي النجار المصري', '346609871', 'أحمد النجار', '174249773', 9, 'خان يونس', '154', 'نازح', 'جزئي', '0591809112', '0566273464', 1, '2025-02-02 09:44:23'),
(1060, 'عمر يوسف الزيني المصري', '916469557', 'عبدالله العطار', '290734816', 5, 'الضفة الغربية', '391', 'نازح', 'جزئي', '0597580324', '0566980741', 4, '2025-02-02 09:44:23'),
(1061, 'عمر رامي المصري المصري', '619253192', 'محمود الزيني', '246749095', 10, 'رفح', '431', 'مقيم', 'جزئي بليغ', '0596026124', '0561061233', 6, '2025-02-02 09:44:23'),
(1062, 'رامي يوسف المصري الصالح', '282342558', 'محمود الزيني', '699167891', 3, 'رفح', '434', 'مقيم', 'جزئي بليغ', '0591632239', '0564164860', 2, '2025-02-02 09:44:23'),
(1063, 'علي علي العلي العطار', '639129710', 'سعيد الخطيب', '336659359', 9, 'النصيرات', '352', 'نازح', 'كلي', '0592851019', '0565654285', 6, '2025-02-02 09:44:23'),
(1064, 'علي محمود النجار البلخي', '104145443', 'حسن البلخي', '768841980', 9, 'خان يونس', '955', 'مقيم', 'جزئي بليغ', '0594454030', '0562025874', 8, '2025-02-02 09:44:23'),
(1065, 'يوسف عبدالله الدين الدين', '987550777', 'علي العلي', '482423992', 7, 'غزة', '352', 'مقيم', 'جزئي', '0596690176', '0564355482', 0, '2025-02-02 09:44:23'),
(1066, 'سعيد علي المصري الدين', '661323531', 'رامي الشامي', '609352743', 4, 'رفح', '376', 'نازح', 'كلي', '0597545399', '0563090716', 1, '2025-02-02 09:44:23'),
(1067, 'عمر يوسف العلي المصري', '554628160', 'أحمد العلي', '015504894', 5, 'غزة', '805', 'نازح', 'كلي', '0597906483', '0563610710', 2, '2025-02-02 09:44:23'),
(1068, 'محمود عبدالله الصالح الشامي', '403616483', 'أحمد الدين', '355543721', 4, 'الضفة الغربية', '892', 'نازح', 'جزئي', '0592650390', '0566819922', 3, '2025-02-02 09:44:23'),
(1069, 'محمود أحمد الشامي الخطيب', '865235929', 'عمر الصالح', '853696353', 10, 'النصيرات', '332', 'مقيم', 'جزئي', '0594065242', '0565271666', 2, '2025-02-02 09:44:23'),
(1070, 'علي يوسف الصالح الخطيب', '097518189', 'حسن الدين', '884652635', 6, 'غزة', '652', 'مقيم', 'كلي', '0598292351', '0563681742', 3, '2025-02-02 09:44:23'),
(1071, 'أحمد يوسف الصالح المصري', '194386843', 'يوسف المصري', '864249060', 10, 'الضفة الغربية', '375', 'نازح', 'كلي', '0594159521', '0566061619', 9, '2025-02-02 09:44:23'),
(1072, 'أحمد عمر الدين الصالح', '968796109', 'عبدالله الدين', '023069412', 10, 'الضفة الغربية', '787', 'مقيم', 'جزئي بليغ', '0597290907', '0563951863', 6, '2025-02-02 09:44:23'),
(1073, 'محمود محمد الدين الدين', '109072245', 'عبدالله الصالح', '515990650', 3, 'الضفة الغربية', '386', 'مقيم', 'جزئي', '0593574072', '0568121425', 2, '2025-02-02 09:44:23'),
(1074, 'عبدالله عمر البلخي العلي', '296667918', 'عمر النجار', '254678057', 2, 'الضفة الغربية', '959', 'مقيم', 'جزئي بليغ', '0593652858', '0568939753', 1, '2025-02-02 09:44:23'),
(1075, 'عمر علي الشامي الخطيب', '752720683', 'محمود العطار', '746090858', 5, 'النصيرات', '891', 'نازح', 'كلي', '0592318478', '0565119426', 4, '2025-02-02 09:44:23'),
(1076, 'رامي يوسف البلخي العلي', '590535396', 'سعيد الدين', '618694932', 3, 'النصيرات', '997', 'مقيم', 'جزئي بليغ', '0599860531', '0567597560', 1, '2025-02-02 09:44:23'),
(1077, 'أحمد أحمد الدين العطار', '055727215', 'عبدالله النجار', '381007434', 8, 'خان يونس', '109', 'مقيم', 'كلي', '0591887893', '0566836293', 3, '2025-02-02 09:44:23'),
(1078, 'يوسف أحمد الزيني الزيني', '727932859', 'يوسف النجار', '111303651', 5, 'الضفة الغربية', '418', 'نازح', 'جزئي', '0597240115', '0565678324', 1, '2025-02-02 09:44:23'),
(1079, 'عمر سعيد المصري العلي', '491842991', 'محمد الصالح', '570095834', 5, 'النصيرات', '548', 'نازح', 'جزئي', '0596777895', '0565912025', 0, '2025-02-02 09:44:23'),
(1080, 'محمود عمر المصري الزيني', '981078576', 'محمود الصالح', '361213525', 4, 'دير البلح', '383', 'نازح', 'جزئي بليغ', '0599181972', '0569160864', 0, '2025-02-02 09:44:23'),
(1081, 'سعيد سعيد الصالح العلي', '842841804', 'محمود النجار', '288883043', 4, 'غزة', '810', 'مقيم', 'كلي', '0591739083', '0567330823', 3, '2025-02-02 09:44:23'),
(1082, 'محمود علي الشامي العطار', '192902754', 'رامي العلي', '425570715', 6, 'الضفة الغربية', '630', 'مقيم', 'كلي', '0599946218', '0569570919', 4, '2025-02-02 09:44:23'),
(1083, 'عبدالله رامي الزيني الشامي', '243419643', 'حسن البلخي', '082859342', 7, 'دير البلح', '470', 'نازح', 'جزئي', '0591715894', '0565054886', 5, '2025-02-02 09:44:23'),
(1084, 'رامي يوسف الصالح العطار', '546131261', 'رامي النجار', '217372154', 7, 'الضفة الغربية', '136', 'مقيم', 'كلي', '0595898946', '0562273125', 4, '2025-02-02 09:44:23'),
(1085, 'يوسف رامي العطار البلخي', '158109072', 'يوسف المصري', '667488548', 5, 'غزة', '428', 'مقيم', 'جزئي', '0592165683', '0561760683', 0, '2025-02-02 09:44:23'),
(1086, 'رامي عمر المصري الخطيب', '585333605', 'أحمد الصالح', '603647195', 2, 'غزة', '926', 'نازح', 'جزئي', '0596498668', '0565120116', 0, '2025-02-02 09:44:23'),
(1087, 'سعيد حسن الدين الخطيب', '328121721', 'محمد العطار', '802553068', 4, 'دير البلح', '157', 'نازح', 'جزئي بليغ', '0598483394', '0569530506', 2, '2025-02-02 09:44:23'),
(1088, 'علي حسن المصري الشامي', '533786883', 'سعيد العطار', '277844918', 6, 'الضفة الغربية', '669', 'مقيم', 'جزئي', '0594696230', '0566726300', 5, '2025-02-02 09:44:23'),
(1089, 'سعيد رامي الصالح النجار', '597308423', 'سعيد الدين', '011360597', 6, 'دير البلح', '430', 'مقيم', 'كلي', '0595709254', '0564519696', 0, '2025-02-02 09:44:23'),
(1090, 'يوسف يوسف الدين الزيني', '088935518', 'علي المصري', '906301304', 2, 'دير البلح', '687', 'نازح', 'جزئي بليغ', '0591078018', '0561538768', 0, '2025-02-02 09:44:23'),
(1091, 'أحمد عمر الشامي الشامي', '781993625', 'رامي الخطيب', '440378577', 8, 'الضفة الغربية', '543', 'نازح', 'جزئي بليغ', '0593914562', '0563960499', 2, '2025-02-02 09:44:23'),
(1092, 'علي أحمد المصري المصري', '235414601', 'عمر الزيني', '558095991', 9, 'دير البلح', '727', 'نازح', 'كلي', '0592553523', '0566755924', 5, '2025-02-02 09:44:23'),
(1093, 'يوسف محمود الزيني النجار', '993315186', 'عمر الصالح', '769756913', 9, 'رفح', '780', 'مقيم', 'كلي', '0597786349', '0563080969', 2, '2025-02-02 09:44:23'),
(1094, 'حسن حسن الزيني المصري', '700030547', 'حسن الشامي', '587143708', 9, 'رفح', '209', 'نازح', 'جزئي بليغ', '0591300669', '0567459351', 2, '2025-02-02 09:44:23'),
(1095, 'حسن عمر الزيني العلي', '362029448', 'أحمد النجار', '378935857', 5, 'رفح', '886', 'نازح', 'جزئي', '0592950302', '0568568748', 2, '2025-02-02 09:44:23'),
(1096, 'سعيد أحمد المصري العلي', '913249599', 'حسن العلي', '546368510', 6, 'الضفة الغربية', '520', 'نازح', 'كلي', '0598440552', '0565784458', 5, '2025-02-02 09:44:23'),
(1097, 'علي عبدالله الدين الدين', '416392295', 'عمر الدين', '245552084', 5, 'رفح', '290', 'نازح', 'جزئي بليغ', '0596006340', '0568269639', 3, '2025-02-02 09:44:23'),
(1098, 'محمود عمر الدين الدين', '734171012', 'عمر العلي', '915468099', 10, 'خان يونس', '976', 'مقيم', 'كلي', '0596249212', '0568966877', 7, '2025-02-02 09:44:23'),
(1099, 'يوسف عبدالله الخطيب الخطيب', '122905308', 'يوسف النجار', '976550161', 7, 'دير البلح', '866', 'مقيم', 'جزئي بليغ', '0591707497', '0568703697', 4, '2025-02-02 09:44:23'),
(1100, 'عمر عبدالله الشامي المصري', '236582632', 'رامي الخطيب', '551703994', 4, 'خان يونس', '563', 'مقيم', 'جزئي بليغ', '0599491986', '0562067856', 3, '2025-02-02 09:44:23'),
(1101, 'محمد يوسف الصالح الشامي', '043110253', 'محمود الصالح', '284554467', 2, 'خان يونس', '202', 'نازح', 'جزئي بليغ', '0594199538', '0567555352', 1, '2025-02-02 09:44:23'),
(1102, 'رامي محمد العطار البلخي', '162107742', 'عمر الشامي', '743542794', 4, 'غزة', '592', 'نازح', 'كلي', '0593126653', '0566104164', 1, '2025-02-02 09:44:23'),
(1103, 'أحمد يوسف البلخي العلي', '059029110', 'محمد البلخي', '055256759', 2, 'النصيرات', '107', 'مقيم', 'جزئي', '0593677911', '0568590042', 1, '2025-02-02 09:44:23'),
(1104, 'أحمد سعيد الشامي الصالح', '821798559', 'سعيد العلي', '704694767', 8, 'غزة', '276', 'نازح', 'جزئي', '0596189379', '0568913404', 7, '2025-02-02 09:44:23'),
(1105, 'عمر محمد النجار العطار', '340752553', 'علي النجار', '232171546', 8, 'دير البلح', '934', 'نازح', 'جزئي', '0594185023', '0567416853', 0, '2025-02-02 09:44:23'),
(1106, 'عبدالله أحمد العلي الزيني', '745733459', 'يوسف الشامي', '415264240', 7, 'النصيرات', '822', 'مقيم', 'جزئي بليغ', '0592205603', '0564781943', 6, '2025-02-02 09:44:23'),
(1107, 'رامي حسن المصري البلخي', '959489220', 'رامي الشامي', '118850874', 8, 'غزة', '592', 'نازح', 'جزئي بليغ', '0595358599', '0563439790', 1, '2025-02-02 09:44:23');

-- --------------------------------------------------------

--
-- بنية الجدول `donations`
--

CREATE TABLE `donations` (
  `id` int(11) NOT NULL,
  `association_name` varchar(255) NOT NULL,
  `aid_type` varchar(100) NOT NULL,
  `quantity` int(11) NOT NULL,
  `beneficiaries_count` int(11) NOT NULL,
  `date` date NOT NULL,
  `description` text DEFAULT NULL,
  `created_at` timestamp NOT NULL DEFAULT current_timestamp()
) ENGINE=InnoDB DEFAULT CHARSET=utf8mb4 COLLATE=utf8mb4_general_ci;

--
-- إرجاع أو استيراد بيانات الجدول `donations`
--

INSERT INTO `donations` (`id`, `association_name`, `aid_type`, `quantity`, `beneficiaries_count`, `date`, `description`, `created_at`) VALUES
(1, 'القدس خير', 'مالية', 80, 80, '2025-01-15', '100 شيكل ', '2025-01-15 19:08:27'),
(2, 'نور الخير', 'مالية', 100, 100, '2025-01-16', '100 شيكل ل 100 مستفيد', '2025-01-16 05:58:40');

-- --------------------------------------------------------

--
-- بنية الجدول `notes`
--

CREATE TABLE `notes` (
  `id` int(11) NOT NULL,
  `beneficiary_id` int(11) DEFAULT NULL,
  `content` text NOT NULL,
  `created_at` timestamp NOT NULL DEFAULT current_timestamp()
) ENGINE=InnoDB DEFAULT CHARSET=utf8mb4 COLLATE=utf8mb4_general_ci;

-- --------------------------------------------------------

--
-- بنية الجدول `users`
--

CREATE TABLE `users` (
  `id` int(11) NOT NULL,
  `name` varchar(255) CHARACTER SET utf8 COLLATE utf8_general_ci NOT NULL,
  `password` varchar(255) CHARACTER SET utf8 COLLATE utf8_general_ci NOT NULL,
  `is_admin` int(4) NOT NULL DEFAULT 0,
  `created_at` datetime NOT NULL,
  `updated_at` datetime NOT NULL,
  `deleted_at` datetime DEFAULT NULL
) ENGINE=InnoDB DEFAULT CHARSET=utf8mb4 COLLATE=utf8mb4_general_ci;

--
-- إرجاع أو استيراد بيانات الجدول `users`
--

INSERT INTO `users` (`id`, `name`, `password`, `is_admin`, `created_at`, `updated_at`, `deleted_at`) VALUES
(1, 'mjr', 'mjr123', 1, '2024-12-26 08:48:29', '2024-12-26 08:48:29', NULL),
(2, '123', '123', 1, '2024-12-26 08:48:29', '2024-12-26 08:48:29', NULL);

--
-- Indexes for dumped tables
--

--
-- Indexes for table `aids`
--
ALTER TABLE `aids`
  ADD PRIMARY KEY (`id`),
  ADD KEY `beneficiary_id` (`beneficiary_id`);

--
-- Indexes for table `beneficiaries`
--
ALTER TABLE `beneficiaries`
  ADD PRIMARY KEY (`id`),
  ADD UNIQUE KEY `id_number` (`id_number`);

--
-- Indexes for table `donations`
--
ALTER TABLE `donations`
  ADD PRIMARY KEY (`id`);

--
-- Indexes for table `notes`
--
ALTER TABLE `notes`
  ADD PRIMARY KEY (`id`),
  ADD KEY `beneficiary_id` (`beneficiary_id`);

--
-- AUTO_INCREMENT for dumped tables
--

--
-- AUTO_INCREMENT for table `aids`
--
ALTER TABLE `aids`
  MODIFY `id` int(11) NOT NULL AUTO_INCREMENT, AUTO_INCREMENT=439;

--
-- AUTO_INCREMENT for table `beneficiaries`
--
ALTER TABLE `beneficiaries`
  MODIFY `id` int(11) NOT NULL AUTO_INCREMENT, AUTO_INCREMENT=1108;

--
-- AUTO_INCREMENT for table `donations`
--
ALTER TABLE `donations`
  MODIFY `id` int(11) NOT NULL AUTO_INCREMENT, AUTO_INCREMENT=3;

--
-- AUTO_INCREMENT for table `notes`
--
ALTER TABLE `notes`
  MODIFY `id` int(11) NOT NULL AUTO_INCREMENT, AUTO_INCREMENT=2;

--
-- قيود الجداول المُلقاة.
--

--
-- قيود الجداول `aids`
--
ALTER TABLE `aids`
  ADD CONSTRAINT `aids_ibfk_1` FOREIGN KEY (`beneficiary_id`) REFERENCES `beneficiaries` (`id`) ON DELETE CASCADE;

--
-- قيود الجداول `notes`
--
ALTER TABLE `notes`
  ADD CONSTRAINT `notes_ibfk_1` FOREIGN KEY (`beneficiary_id`) REFERENCES `beneficiaries` (`id`) ON DELETE CASCADE;
COMMIT;

/*!40101 SET CHARACTER_SET_CLIENT=@OLD_CHARACTER_SET_CLIENT */;
/*!40101 SET CHARACTER_SET_RESULTS=@OLD_CHARACTER_SET_RESULTS */;
/*!40101 SET COLLATION_CONNECTION=@OLD_COLLATION_CONNECTION */;
